{"task":"Matrix multiplication","parameters":{"size":[1000,1000]},"results":[{"time":[2.2965383e7,2.1570104e7,2.3254954e7,2.3008185e7,2.3086239e7,2.3178666e7,2.3561959e7,2.3563311e7,2.2768324e7,2.3083079e7,2.3016894e7,2.3031987e7,2.281584e7,2.2998539e7,2.3234413e7,2.3671542e7,2.450709e7,2.5930938e7,2.5654755e7,2.7009375e7,2.4238608e7,2.3992481e7,2.3991123e7,2.4516418e7,2.5111432e7,2.3033462e7,2.4142462e7,2.4193519e7,2.3492358e7,2.3726246e7,2.3422619e7,2.3888584e7,2.3540896e7,2.3318033e7,2.3812231e7,2.3245652e7,2.3511432e7,2.3836297e7,2.3802666e7,2.3870582e7,2.7841765e7,2.4236352e7,2.3304726e7,2.3658837e7,2.3365444e7,2.4343356e7,2.4425084e7,2.4429147e7,2.4115922e7,2.4199806e7,2.4553133e7,2.4225347e7,2.3647427e7,2.3891885e7,2.5230551e7,2.4722996e7,2.3501605e7,2.2293533e7,2.3984164e7,2.3434597e7,2.2057636e7,2.27213e7,2.2723223e7,2.2556104e7,2.2625732e7,2.2281368e7,2.2443232e7,2.3017776e7,2.2978711e7,2.2330363e7,2.2692599e7,2.2857205e7,2.2795649e7,2.2737116e7,2.3931554e7,2.5130245e7,2.3817645e7,2.3539522e7,2.466425e7,2.5726739e7,2.8045699e7,2.4556994e7,2.8361872e7,2.3456166e7,2.3227141e7,2.3634455e7,3.009717e7,2.3596044e7,2.4097249e7,2.2568742e7,2.266871e7,2.407877e7,2.2890425e7,2.2491963e7,2.331196e7,2.2897274e7,2.2752288e7,2.2474e7,2.2953982e7,2.2630442e7,2.3184397e7,2.3024605e7,2.4236057e7,2.2623596e7,2.2577662e7,2.403538e7,2.2796102e7,2.3125665e7,2.2564876e7,2.3134575e7,2.2729054e7,2.2795661e7,2.3148911e7,2.2861481e7,2.273045e7,2.3187238e7,2.2808395e7,2.2863256e7,2.3126156e7,2.24989e7,2.5533874e7,2.2214702e7,2.315075e7,2.4214654e7,2.6520186e7,2.3208554e7,2.3225573e7,2.4288531e7,2.4222523e7,2.3991888e7,2.4105831e7,2.43077e7,2.2166788e7,2.463324e7,2.2529686e7,2.2631137e7,2.2382733e7,2.2922547e7,2.294381e7,2.2516298e7,2.2499116e7,2.2435324e7,2.2204363e7,1.684247e7,1.6206822e7,1.8175544e7,1.928883e7,1.5147833e7,1.6173392e7,1.680109e7,2.4404472e7,1.897959e7,1.5884135e7,2.0554785e7,1.6830037e7,1.5735493e7,1.7493971e7,1.830993e7,1.7398633e7,1.5587387e7,1.7276363e7,1.5536867e7,1.6653771e7,1.5330826e7,1.7309456e7,1.5804807e7,1.6083924e7,1.5960568e7,1.6553484e7,1.7987297e7,1.5955732e7,1.5283868e7,1.5142801e7,1.4872499e7,1.6853204e7,1.6527472e7,1.5701514e7,1.5344951e7,1.5579295e7,1.4947595e7,1.4899321e7,1.5700496e7,1.4804339e7,1.494591e7,1.5987677e7,1.5268621e7,1.5574216e7,1.5941232e7,1.5584248e7,1.609461e7,1.5855658e7,1.5719971e7,1.4495133e7,1.5785441e7,1.5518339e7,1.6262647e7,1.5845689e7,1.6198359e7,1.6224262e7,1.5552369e7,1.5678062e7,1.62163e7,1.6731576e7,1.5104258e7,1.5278875e7,1.63238e7,1.6300801e7,1.6444149e7,1.6270404e7,1.5824045e7,1.5942949e7,1.5891587e7,1.6030287e7,1.5056602e7,1.4796808e7,1.471328e7,1.6046833e7,1.5795254e7,1.596874e7,1.7566808e7,1.8328656e7,1.8213015e7,2.0251973e7,2.2898149e7,2.491311e7,2.4157338e7,2.4971935e7,2.3794138e7,2.4655199e7,2.4018394e7,2.4227786e7,2.4239947e7,2.4419576e7,2.4545855e7,2.3846937e7,2.4398437e7],"memory":0}]}